id_with_side,url,type,panorama id,location id,created at,latitude,longitude,orientation,photo level metadata,photo area metadata
1185557_f,https://v2-immersionviewer.s3.amazonaws.com/uploads/panoramas/image/65ba4453-c51f-4345-9ac7-a3e4f0be8bb9/tiles/f/mobile.jpg,panorama,1185557,34989,2024-10-30 17:58:37 UTC,45.08239932609325,-93.72878115624192,0,Ground,Exterior
1185557_b,https://v2-immersionviewer.s3.amazonaws.com/uploads/panoramas/image/65ba4453-c51f-4345-9ac7-a3e4f0be8bb9/tiles/b/mobile.jpg,panorama,1185557,34989,2024-10-30 17:58:37 UTC,45.08239932609325,-93.72878115624192,0,Ground,Exterior
1185557_l,https://v2-immersionviewer.s3.amazonaws.com/uploads/panoramas/image/65ba4453-c51f-4345-9ac7-a3e4f0be8bb9/tiles/l/mobile.jpg,panorama,1185557,34989,2024-10-30 17:58:37 UTC,45.08239932609325,-93.72878115624192,0,Ground,Exterior
1185557_r,https://v2-immersionviewer.s3.amazonaws.com/uploads/panoramas/image/65ba4453-c51f-4345-9ac7-a3e4f0be8bb9/tiles/r/mobile.jpg,panorama,1185557,34989,2024-10-30 17:58:37 UTC,45.08239932609325,-93.72878115624192,0,Ground,Exterior
1185556_f,https://v2-immersionviewer.s3.amazonaws.com/uploads/panoramas/image/0d767844-3082-4462-a549-5dbcba6f0346/tiles/f/mobile.jpg,panorama,1185556,34989,2024-10-30 17:58:34 UTC,45.08236452606273,-93.7288654781878,1,Ground,Exterior
1185556_b,https://v2-immersionviewer.s3.amazonaws.com/uploads/panoramas/image/0d767844-3082-4462-a549-5dbcba6f0346/tiles/b/mobile.jpg,panorama,1185556,34989,2024-10-30 17:58:34 UTC,45.08236452606273,-93.7288654781878,1,Ground,Exterior
1185556_l,https://v2-immersionviewer.s3.amazonaws.com/uploads/panoramas/image/0d767844-3082-4462-a549-5dbcba6f0346/tiles/l/mobile.jpg,panorama,1185556,34989,2024-10-30 17:58:34 UTC,45.08236452606273,-93.7288654781878,1,Ground,Exterior
1185556_r,https://v2-immersionviewer.s3.amazonaws.com/uploads/panoramas/image/0d767844-3082-4462-a549-5dbcba6f0346/tiles/r/mobile.jpg,panorama,1185556,34989,2024-10-30 17:58:34 UTC,45.08236452606273,-93.7288654781878,1,Ground,Exterior
1185558_f,https://v2-immersionviewer.s3.amazonaws.com/uploads/panoramas/image/c5138547-6a35-418b-ace2-5746c3394ced/tiles/f/mobile.jpg,panorama,1185558,34989,2024-10-30 17:58:41 UTC,45.08243945263275,-93.72870379127563,0,Ground,Exterior
1185558_b,https://v2-immersionviewer.s3.amazonaws.com/uploads/panoramas/image/c5138547-6a35-418b-ace2-5746c3394ced/tiles/b/mobile.jpg,panorama,1185558,34989,2024-10-30 17:58:41 UTC,45.08243945263275,-93.72870379127563,0,Ground,Exterior
1185558_l,https://v2-immersionviewer.s3.amazonaws.com/uploads/panoramas/image/c5138547-6a35-418b-ace2-5746c3394ced/tiles/l/mobile.jpg,panorama,1185558,34989,2024-10-30 17:58:41 UTC,45.08243945263275,-93.72870379127563,0,Ground,Exterior
1185558_r,https://v2-immersionviewer.s3.amazonaws.com/uploads/panoramas/image/c5138547-6a35-418b-ace2-5746c3394ced/tiles/r/mobile.jpg,panorama,1185558,34989,2024-10-30 17:58:41 UTC,45.08243945263275,-93.72870379127563,0,Ground,Exterior
1185569_f,https://v2-immersionviewer.s3.amazonaws.com/uploads/panoramas/image/268a3e67-1074-4ed6-b9ca-ea66d3ae43a2/tiles/f/mobile.jpg,panorama,1185569,34989,2024-10-30 17:59:14 UTC,45.08298376221407,-93.72937249951065,359,Ground,Exterior
1185569_b,https://v2-immersionviewer.s3.amazonaws.com/uploads/panoramas/image/268a3e67-1074-4ed6-b9ca-ea66d3ae43a2/tiles/b/mobile.jpg,panorama,1185569,34989,2024-10-30 17:59:14 UTC,45.08298376221407,-93.72937249951065,359,Ground,Exterior
1185569_l,https://v2-immersionviewer.s3.amazonaws.com/uploads/panoramas/image/268a3e67-1074-4ed6-b9ca-ea66d3ae43a2/tiles/l/mobile.jpg,panorama,1185569,34989,2024-10-30 17:59:14 UTC,45.08298376221407,-93.72937249951065,359,Ground,Exterior
1185569_r,https://v2-immersionviewer.s3.amazonaws.com/uploads/panoramas/image/268a3e67-1074-4ed6-b9ca-ea66d3ae43a2/tiles/r/mobile.jpg,panorama,1185569,34989,2024-10-30 17:59:14 UTC,45.08298376221407,-93.72937249951065,359,Ground,Exterior
1185568_f,https://v2-immersionviewer.s3.amazonaws.com/uploads/panoramas/image/b66861eb-4489-42e0-96ac-66675eacd3ba/tiles/f/mobile.jpg,panorama,1185568,34989,2024-10-30 17:59:10 UTC,45.08302229040041,-93.72928557917476,20,Ground,Exterior
1185568_b,https://v2-immersionviewer.s3.amazonaws.com/uploads/panoramas/image/b66861eb-4489-42e0-96ac-66675eacd3ba/tiles/b/mobile.jpg,panorama,1185568,34989,2024-10-30 17:59:10 UTC,45.08302229040041,-93.72928557917476,20,Ground,Exterior
1185568_l,https://v2-immersionviewer.s3.amazonaws.com/uploads/panoramas/image/b66861eb-4489-42e0-96ac-66675eacd3ba/tiles/l/mobile.jpg,panorama,1185568,34989,2024-10-30 17:59:10 UTC,45.08302229040041,-93.72928557917476,20,Ground,Exterior
1185568_r,https://v2-immersionviewer.s3.amazonaws.com/uploads/panoramas/image/b66861eb-4489-42e0-96ac-66675eacd3ba/tiles/r/mobile.jpg,panorama,1185568,34989,2024-10-30 17:59:10 UTC,45.08302229040041,-93.72928557917476,20,Ground,Exterior
1185567_f,https://v2-immersionviewer.s3.amazonaws.com/uploads/panoramas/image/5a76deeb-3904-4f1c-9390-9dcf140400f3/tiles/f/mobile.jpg,panorama,1185567,34989,2024-10-30 17:59:08 UTC,45.08295517676867,-93.7292217090726,12,Ground,Exterior
1185567_b,https://v2-immersionviewer.s3.amazonaws.com/uploads/panoramas/image/5a76deeb-3904-4f1c-9390-9dcf140400f3/tiles/b/mobile.jpg,panorama,1185567,34989,2024-10-30 17:59:08 UTC,45.08295517676867,-93.7292217090726,12,Ground,Exterior
1185567_l,https://v2-immersionviewer.s3.amazonaws.com/uploads/panoramas/image/5a76deeb-3904-4f1c-9390-9dcf140400f3/tiles/l/mobile.jpg,panorama,1185567,34989,2024-10-30 17:59:08 UTC,45.08295517676867,-93.7292217090726,12,Ground,Exterior
1185567_r,https://v2-immersionviewer.s3.amazonaws.com/uploads/panoramas/image/5a76deeb-3904-4f1c-9390-9dcf140400f3/tiles/r/mobile.jpg,panorama,1185567,34989,2024-10-30 17:59:08 UTC,45.08295517676867,-93.7292217090726,12,Ground,Exterior
1185572_f,https://v2-immersionviewer.s3.amazonaws.com/uploads/panoramas/image/60f2a4ee-852c-4ef2-9de2-c28884fdab98/tiles/f/mobile.jpg,panorama,1185572,34989,2024-10-30 17:59:22 UTC,45.08292386888353,-93.72932581231,15,Ground,Exterior
1185572_b,https://v2-immersionviewer.s3.amazonaws.com/uploads/panoramas/image/60f2a4ee-852c-4ef2-9de2-c28884fdab98/tiles/b/mobile.jpg,panorama,1185572,34989,2024-10-30 17:59:22 UTC,45.08292386888353,-93.72932581231,15,Ground,Exterior
1185572_l,https://v2-immersionviewer.s3.amazonaws.com/uploads/panoramas/image/60f2a4ee-852c-4ef2-9de2-c28884fdab98/tiles/l/mobile.jpg,panorama,1185572,34989,2024-10-30 17:59:22 UTC,45.08292386888353,-93.72932581231,15,Ground,Exterior
1185572_r,https://v2-immersionviewer.s3.amazonaws.com/uploads/panoramas/image/60f2a4ee-852c-4ef2-9de2-c28884fdab98/tiles/r/mobile.jpg,panorama,1185572,34989,2024-10-30 17:59:22 UTC,45.08292386888353,-93.72932581231,15,Ground,Exterior
1185578_f,https://v2-immersionviewer.s3.amazonaws.com/uploads/panoramas/image/76a97c15-74b4-4494-876f-56bf530354dd/tiles/f/mobile.jpg,panorama,1185578,34989,2024-10-30 18:16:52 UTC,45.08257415449727,-93.72888584621252,358,Level 1,Interiors
1185578_b,https://v2-immersionviewer.s3.amazonaws.com/uploads/panoramas/image/76a97c15-74b4-4494-876f-56bf530354dd/tiles/b/mobile.jpg,panorama,1185578,34989,2024-10-30 18:16:52 UTC,45.08257415449727,-93.72888584621252,358,Level 1,Interiors
1185578_l,https://v2-immersionviewer.s3.amazonaws.com/uploads/panoramas/image/76a97c15-74b4-4494-876f-56bf530354dd/tiles/l/mobile.jpg,panorama,1185578,34989,2024-10-30 18:16:52 UTC,45.08257415449727,-93.72888584621252,358,Level 1,Interiors
1185578_r,https://v2-immersionviewer.s3.amazonaws.com/uploads/panoramas/image/76a97c15-74b4-4494-876f-56bf530354dd/tiles/r/mobile.jpg,panorama,1185578,34989,2024-10-30 18:16:52 UTC,45.08257415449727,-93.72888584621252,358,Level 1,Interiors
1185580_f,https://v2-immersionviewer.s3.amazonaws.com/uploads/panoramas/image/077bd15c-2030-4aa4-9169-111e4979e396/tiles/f/mobile.jpg,panorama,1185580,34989,2024-10-30 18:16:57 UTC,45.08263523186371,-93.72893957421184,5,Level 1,Interiors
1185580_b,https://v2-immersionviewer.s3.amazonaws.com/uploads/panoramas/image/077bd15c-2030-4aa4-9169-111e4979e396/tiles/b/mobile.jpg,panorama,1185580,34989,2024-10-30 18:16:57 UTC,45.08263523186371,-93.72893957421184,5,Level 1,Interiors
1185580_l,https://v2-immersionviewer.s3.amazonaws.com/uploads/panoramas/image/077bd15c-2030-4aa4-9169-111e4979e396/tiles/l/mobile.jpg,panorama,1185580,34989,2024-10-30 18:16:57 UTC,45.08263523186371,-93.72893957421184,5,Level 1,Interiors
1185580_r,https://v2-immersionviewer.s3.amazonaws.com/uploads/panoramas/image/077bd15c-2030-4aa4-9169-111e4979e396/tiles/r/mobile.jpg,panorama,1185580,34989,2024-10-30 18:16:57 UTC,45.08263523186371,-93.72893957421184,5,Level 1,Interiors
1185581_f,https://v2-immersionviewer.s3.amazonaws.com/uploads/panoramas/image/6883e257-f92a-4793-aa8a-58b5fc32403e/tiles/f/mobile.jpg,panorama,1185581,34989,2024-10-30 18:17:00 UTC,45.08265926034463,-93.72897611930968,6,Level 1,Interiors
1185581_b,https://v2-immersionviewer.s3.amazonaws.com/uploads/panoramas/image/6883e257-f92a-4793-aa8a-58b5fc32403e/tiles/b/mobile.jpg,panorama,1185581,34989,2024-10-30 18:17:00 UTC,45.08265926034463,-93.72897611930968,6,Level 1,Interiors
1185581_l,https://v2-immersionviewer.s3.amazonaws.com/uploads/panoramas/image/6883e257-f92a-4793-aa8a-58b5fc32403e/tiles/l/mobile.jpg,panorama,1185581,34989,2024-10-30 18:17:00 UTC,45.08265926034463,-93.72897611930968,6,Level 1,Interiors
1185581_r,https://v2-immersionviewer.s3.amazonaws.com/uploads/panoramas/image/6883e257-f92a-4793-aa8a-58b5fc32403e/tiles/r/mobile.jpg,panorama,1185581,34989,2024-10-30 18:17:00 UTC,45.08265926034463,-93.72897611930968,6,Level 1,Interiors
1185583_f,https://v2-immersionviewer.s3.amazonaws.com/uploads/panoramas/image/44ecc630-c301-4988-bc60-72a34c102e17/tiles/f/mobile.jpg,panorama,1185583,34989,2024-10-30 18:17:06 UTC,45.08273679059593,-93.72903311625124,2,Level 1,Interiors
1185583_b,https://v2-immersionviewer.s3.amazonaws.com/uploads/panoramas/image/44ecc630-c301-4988-bc60-72a34c102e17/tiles/b/mobile.jpg,panorama,1185583,34989,2024-10-30 18:17:06 UTC,45.08273679059593,-93.72903311625124,2,Level 1,Interiors
1185583_l,https://v2-immersionviewer.s3.amazonaws.com/uploads/panoramas/image/44ecc630-c301-4988-bc60-72a34c102e17/tiles/l/mobile.jpg,panorama,1185583,34989,2024-10-30 18:17:06 UTC,45.08273679059593,-93.72903311625124,2,Level 1,Interiors
1185583_r,https://v2-immersionviewer.s3.amazonaws.com/uploads/panoramas/image/44ecc630-c301-4988-bc60-72a34c102e17/tiles/r/mobile.jpg,panorama,1185583,34989,2024-10-30 18:17:06 UTC,45.08273679059593,-93.72903311625124,2,Level 1,Interiors
1185582_f,https://v2-immersionviewer.s3.amazonaws.com/uploads/panoramas/image/520e1b99-0114-4ba5-a9d6-71e431f423b6/tiles/f/mobile.jpg,panorama,1185582,34989,2024-10-30 18:17:04 UTC,45.08270861931069,-93.7290044501424,3,Level 1,Interiors
1185582_b,https://v2-immersionviewer.s3.amazonaws.com/uploads/panoramas/image/520e1b99-0114-4ba5-a9d6-71e431f423b6/tiles/b/mobile.jpg,panorama,1185582,34989,2024-10-30 18:17:04 UTC,45.08270861931069,-93.7290044501424,3,Level 1,Interiors
1185582_l,https://v2-immersionviewer.s3.amazonaws.com/uploads/panoramas/image/520e1b99-0114-4ba5-a9d6-71e431f423b6/tiles/l/mobile.jpg,panorama,1185582,34989,2024-10-30 18:17:04 UTC,45.08270861931069,-93.7290044501424,3,Level 1,Interiors
1185582_r,https://v2-immersionviewer.s3.amazonaws.com/uploads/panoramas/image/520e1b99-0114-4ba5-a9d6-71e431f423b6/tiles/r/mobile.jpg,panorama,1185582,34989,2024-10-30 18:17:04 UTC,45.08270861931069,-93.7290044501424,3,Level 1,Interiors
1185587_f,https://v2-immersionviewer.s3.amazonaws.com/uploads/panoramas/image/8a21fbf6-2954-4133-9d10-be9608e34944/tiles/f/mobile.jpg,panorama,1185587,34989,2024-10-30 20:54:26 UTC,45.08261272897473,-93.72904245490668,352,Roof,Exterior
1185587_b,https://v2-immersionviewer.s3.amazonaws.com/uploads/panoramas/image/8a21fbf6-2954-4133-9d10-be9608e34944/tiles/b/mobile.jpg,panorama,1185587,34989,2024-10-30 20:54:26 UTC,45.08261272897473,-93.72904245490668,352,Roof,Exterior
1185587_l,https://v2-immersionviewer.s3.amazonaws.com/uploads/panoramas/image/8a21fbf6-2954-4133-9d10-be9608e34944/tiles/l/mobile.jpg,panorama,1185587,34989,2024-10-30 20:54:26 UTC,45.08261272897473,-93.72904245490668,352,Roof,Exterior
1185587_r,https://v2-immersionviewer.s3.amazonaws.com/uploads/panoramas/image/8a21fbf6-2954-4133-9d10-be9608e34944/tiles/r/mobile.jpg,panorama,1185587,34989,2024-10-30 20:54:26 UTC,45.08261272897473,-93.72904245490668,352,Roof,Exterior
1185600_f,https://v2-immersionviewer.s3.amazonaws.com/uploads/panoramas/image/79278ae7-5df0-4184-8697-9d873c25e6ac/tiles/f/mobile.jpg,panorama,1185600,34989,2024-10-30 20:55:27 UTC,45.08253657294576,-93.7288850080222,358,Roof,Exterior
1185600_b,https://v2-immersionviewer.s3.amazonaws.com/uploads/panoramas/image/79278ae7-5df0-4184-8697-9d873c25e6ac/tiles/b/mobile.jpg,panorama,1185600,34989,2024-10-30 20:55:27 UTC,45.08253657294576,-93.7288850080222,358,Roof,Exterior
1185600_l,https://v2-immersionviewer.s3.amazonaws.com/uploads/panoramas/image/79278ae7-5df0-4184-8697-9d873c25e6ac/tiles/l/mobile.jpg,panorama,1185600,34989,2024-10-30 20:55:27 UTC,45.08253657294576,-93.7288850080222,358,Roof,Exterior
1185600_r,https://v2-immersionviewer.s3.amazonaws.com/uploads/panoramas/image/79278ae7-5df0-4184-8697-9d873c25e6ac/tiles/r/mobile.jpg,panorama,1185600,34989,2024-10-30 20:55:27 UTC,45.08253657294576,-93.7288850080222,358,Roof,Exterior
1185609_f,https://v2-immersionviewer.s3.amazonaws.com/uploads/panoramas/image/34789d6b-2d0a-4de0-9e2f-35e6ea93109e/tiles/f/mobile.jpg,panorama,1185609,34989,2024-10-30 20:56:15 UTC,45.08283231245551,-93.72909966856243,2,Roof,Exterior
1185609_b,https://v2-immersionviewer.s3.amazonaws.com/uploads/panoramas/image/34789d6b-2d0a-4de0-9e2f-35e6ea93109e/tiles/b/mobile.jpg,panorama,1185609,34989,2024-10-30 20:56:15 UTC,45.08283231245551,-93.72909966856243,2,Roof,Exterior
1185609_l,https://v2-immersionviewer.s3.amazonaws.com/uploads/panoramas/image/34789d6b-2d0a-4de0-9e2f-35e6ea93109e/tiles/l/mobile.jpg,panorama,1185609,34989,2024-10-30 20:56:15 UTC,45.08283231245551,-93.72909966856243,2,Roof,Exterior
1185609_r,https://v2-immersionviewer.s3.amazonaws.com/uploads/panoramas/image/34789d6b-2d0a-4de0-9e2f-35e6ea93109e/tiles/r/mobile.jpg,panorama,1185609,34989,2024-10-30 20:56:15 UTC,45.08283231245551,-93.72909966856243,2,Roof,Exterior
1185607_f,https://v2-immersionviewer.s3.amazonaws.com/uploads/panoramas/image/d62e5ee2-0c2c-44fb-8216-ed5212d3b582/tiles/f/mobile.jpg,panorama,1185607,34989,2024-10-30 20:56:06 UTC,45.08274791706609,-93.72900788672268,1,Roof,Exterior
1185607_b,https://v2-immersionviewer.s3.amazonaws.com/uploads/panoramas/image/d62e5ee2-0c2c-44fb-8216-ed5212d3b582/tiles/b/mobile.jpg,panorama,1185607,34989,2024-10-30 20:56:06 UTC,45.08274791706609,-93.72900788672268,1,Roof,Exterior
1185607_l,https://v2-immersionviewer.s3.amazonaws.com/uploads/panoramas/image/d62e5ee2-0c2c-44fb-8216-ed5212d3b582/tiles/l/mobile.jpg,panorama,1185607,34989,2024-10-30 20:56:06 UTC,45.08274791706609,-93.72900788672268,1,Roof,Exterior
1185607_r,https://v2-immersionviewer.s3.amazonaws.com/uploads/panoramas/image/d62e5ee2-0c2c-44fb-8216-ed5212d3b582/tiles/r/mobile.jpg,panorama,1185607,34989,2024-10-30 20:56:06 UTC,45.08274791706609,-93.72900788672268,1,Roof,Exterior
1185603_f,https://v2-immersionviewer.s3.amazonaws.com/uploads/panoramas/image/632762af-9cf8-4773-91de-d4d91f59505c/tiles/f/mobile.jpg,panorama,1185603,34989,2024-10-30 20:55:46 UTC,45.08258356467719,-93.72883379459383,4,Roof,Exterior
1185603_b,https://v2-immersionviewer.s3.amazonaws.com/uploads/panoramas/image/632762af-9cf8-4773-91de-d4d91f59505c/tiles/b/mobile.jpg,panorama,1185603,34989,2024-10-30 20:55:46 UTC,45.08258356467719,-93.72883379459383,4,Roof,Exterior
1185603_l,https://v2-immersionviewer.s3.amazonaws.com/uploads/panoramas/image/632762af-9cf8-4773-91de-d4d91f59505c/tiles/l/mobile.jpg,panorama,1185603,34989,2024-10-30 20:55:46 UTC,45.08258356467719,-93.72883379459383,4,Roof,Exterior
1185603_r,https://v2-immersionviewer.s3.amazonaws.com/uploads/panoramas/image/632762af-9cf8-4773-91de-d4d91f59505c/tiles/r/mobile.jpg,panorama,1185603,34989,2024-10-30 20:55:46 UTC,45.08258356467719,-93.72883379459383,4,Roof,Exterior
1185594_f,https://v2-immersionviewer.s3.amazonaws.com/uploads/panoramas/image/14f670c5-37cb-400c-8209-bda7b27b942f/tiles/f/mobile.jpg,panorama,1185594,34989,2024-10-30 20:54:56 UTC,45.08278378216265,-93.72914459556343,359,Roof,Exterior
1185594_b,https://v2-immersionviewer.s3.amazonaws.com/uploads/panoramas/image/14f670c5-37cb-400c-8209-bda7b27b942f/tiles/b/mobile.jpg,panorama,1185594,34989,2024-10-30 20:54:56 UTC,45.08278378216265,-93.72914459556343,359,Roof,Exterior
1185594_l,https://v2-immersionviewer.s3.amazonaws.com/uploads/panoramas/image/14f670c5-37cb-400c-8209-bda7b27b942f/tiles/l/mobile.jpg,panorama,1185594,34989,2024-10-30 20:54:56 UTC,45.08278378216265,-93.72914459556343,359,Roof,Exterior
1185594_r,https://v2-immersionviewer.s3.amazonaws.com/uploads/panoramas/image/14f670c5-37cb-400c-8209-bda7b27b942f/tiles/r/mobile.jpg,panorama,1185594,34989,2024-10-30 20:54:56 UTC,45.08278378216265,-93.72914459556343,359,Roof,Exterior
1185576_f,https://v2-immersionviewer.s3.amazonaws.com/uploads/panoramas/image/edfcd4c0-b532-4e90-a5ca-510e866d872a/tiles/f/mobile.jpg,panorama,1185576,34989,2024-10-30 18:16:46 UTC,45.08253852600337,-93.72888408601284,4,Level 1,Interiors
1185576_b,https://v2-immersionviewer.s3.amazonaws.com/uploads/panoramas/image/edfcd4c0-b532-4e90-a5ca-510e866d872a/tiles/b/mobile.jpg,panorama,1185576,34989,2024-10-30 18:16:46 UTC,45.08253852600337,-93.72888408601284,4,Level 1,Interiors
1185576_l,https://v2-immersionviewer.s3.amazonaws.com/uploads/panoramas/image/edfcd4c0-b532-4e90-a5ca-510e866d872a/tiles/l/mobile.jpg,panorama,1185576,34989,2024-10-30 18:16:46 UTC,45.08253852600337,-93.72888408601284,4,Level 1,Interiors
1185576_r,https://v2-immersionviewer.s3.amazonaws.com/uploads/panoramas/image/edfcd4c0-b532-4e90-a5ca-510e866d872a/tiles/r/mobile.jpg,panorama,1185576,34989,2024-10-30 18:16:46 UTC,45.08253852600337,-93.72888408601284,4,Level 1,Interiors
1185608_f,https://v2-immersionviewer.s3.amazonaws.com/uploads/panoramas/image/4bed70dd-7eac-46a9-ac32-846d65e58848/tiles/f/mobile.jpg,panorama,1185608,34989,2024-10-30 20:56:11 UTC,45.08279052905951,-93.72905474156143,4,Roof,Exterior
1185608_b,https://v2-immersionviewer.s3.amazonaws.com/uploads/panoramas/image/4bed70dd-7eac-46a9-ac32-846d65e58848/tiles/b/mobile.jpg,panorama,1185608,34989,2024-10-30 20:56:11 UTC,45.08279052905951,-93.72905474156143,4,Roof,Exterior
1185608_l,https://v2-immersionviewer.s3.amazonaws.com/uploads/panoramas/image/4bed70dd-7eac-46a9-ac32-846d65e58848/tiles/l/mobile.jpg,panorama,1185608,34989,2024-10-30 20:56:11 UTC,45.08279052905951,-93.72905474156143,4,Roof,Exterior
1185608_r,https://v2-immersionviewer.s3.amazonaws.com/uploads/panoramas/image/4bed70dd-7eac-46a9-ac32-846d65e58848/tiles/r/mobile.jpg,panorama,1185608,34989,2024-10-30 20:56:11 UTC,45.08279052905951,-93.72905474156143,4,Roof,Exterior
1185564_f,https://v2-immersionviewer.s3.amazonaws.com/uploads/panoramas/image/6251410f-2920-495e-847d-54a1f8a52d92/tiles/f/mobile.jpg,panorama,1185564,34989,2024-10-30 17:58:59 UTC,45.08277105774977,-93.72900227084756,5,Ground,Exterior
1185564_b,https://v2-immersionviewer.s3.amazonaws.com/uploads/panoramas/image/6251410f-2920-495e-847d-54a1f8a52d92/tiles/b/mobile.jpg,panorama,1185564,34989,2024-10-30 17:58:59 UTC,45.08277105774977,-93.72900227084756,5,Ground,Exterior
1185564_l,https://v2-immersionviewer.s3.amazonaws.com/uploads/panoramas/image/6251410f-2920-495e-847d-54a1f8a52d92/tiles/l/mobile.jpg,panorama,1185564,34989,2024-10-30 17:58:59 UTC,45.08277105774977,-93.72900227084756,5,Ground,Exterior
1185564_r,https://v2-immersionviewer.s3.amazonaws.com/uploads/panoramas/image/6251410f-2920-495e-847d-54a1f8a52d92/tiles/r/mobile.jpg,panorama,1185564,34989,2024-10-30 17:58:59 UTC,45.08277105774977,-93.72900227084756,5,Ground,Exterior
1391792_f,https://v2-immersionviewer.s3.amazonaws.com/uploads/panoramas/image/cbd39b92-eb78-4d24-ac93-831bdbc1eaa7/tiles/f/mobile.jpg,panorama,1391792,34989,2025-06-24 16:08:10 UTC,45.08261515036689,-93.729168311286,0,Level 1,Area 2
1391792_b,https://v2-immersionviewer.s3.amazonaws.com/uploads/panoramas/image/cbd39b92-eb78-4d24-ac93-831bdbc1eaa7/tiles/b/mobile.jpg,panorama,1391792,34989,2025-06-24 16:08:10 UTC,45.08261515036689,-93.729168311286,0,Level 1,Area 2
1391792_l,https://v2-immersionviewer.s3.amazonaws.com/uploads/panoramas/image/cbd39b92-eb78-4d24-ac93-831bdbc1eaa7/tiles/l/mobile.jpg,panorama,1391792,34989,2025-06-24 16:08:10 UTC,45.08261515036689,-93.729168311286,0,Level 1,Area 2
1391792_r,https://v2-immersionviewer.s3.amazonaws.com/uploads/panoramas/image/cbd39b92-eb78-4d24-ac93-831bdbc1eaa7/tiles/r/mobile.jpg,panorama,1391792,34989,2025-06-24 16:08:10 UTC,45.08261515036689,-93.729168311286,0,Level 1,Area 2
1185601_f,https://v2-immersionviewer.s3.amazonaws.com/uploads/panoramas/image/e2ec3f2d-0823-4d02-b4da-7f5ab428b354/tiles/f/mobile.jpg,panorama,1185601,34989,2024-10-30 20:55:34 UTC,45.08250573829997,-93.72884779237212,2,Roof,Exterior
1185601_b,https://v2-immersionviewer.s3.amazonaws.com/uploads/panoramas/image/e2ec3f2d-0823-4d02-b4da-7f5ab428b354/tiles/b/mobile.jpg,panorama,1185601,34989,2024-10-30 20:55:34 UTC,45.08250573829997,-93.72884779237212,2,Roof,Exterior
1185601_l,https://v2-immersionviewer.s3.amazonaws.com/uploads/panoramas/image/e2ec3f2d-0823-4d02-b4da-7f5ab428b354/tiles/l/mobile.jpg,panorama,1185601,34989,2024-10-30 20:55:34 UTC,45.08250573829997,-93.72884779237212,2,Roof,Exterior
1185601_r,https://v2-immersionviewer.s3.amazonaws.com/uploads/panoramas/image/e2ec3f2d-0823-4d02-b4da-7f5ab428b354/tiles/r/mobile.jpg,panorama,1185601,34989,2024-10-30 20:55:34 UTC,45.08250573829997,-93.72884779237212,2,Roof,Exterior
1185570_f,https://v2-immersionviewer.s3.amazonaws.com/uploads/panoramas/image/ba48579a-b9ac-44aa-b0e9-76d76b95b7d0/tiles/f/mobile.jpg,panorama,1185570,34989,2024-10-30 17:59:17 UTC,45.08295008701915,-93.72946838848291,0,Ground,Exterior
1185570_b,https://v2-immersionviewer.s3.amazonaws.com/uploads/panoramas/image/ba48579a-b9ac-44aa-b0e9-76d76b95b7d0/tiles/b/mobile.jpg,panorama,1185570,34989,2024-10-30 17:59:17 UTC,45.08295008701915,-93.72946838848291,0,Ground,Exterior
1185570_l,https://v2-immersionviewer.s3.amazonaws.com/uploads/panoramas/image/ba48579a-b9ac-44aa-b0e9-76d76b95b7d0/tiles/l/mobile.jpg,panorama,1185570,34989,2024-10-30 17:59:17 UTC,45.08295008701915,-93.72946838848291,0,Ground,Exterior
1185570_r,https://v2-immersionviewer.s3.amazonaws.com/uploads/panoramas/image/ba48579a-b9ac-44aa-b0e9-76d76b95b7d0/tiles/r/mobile.jpg,panorama,1185570,34989,2024-10-30 17:59:17 UTC,45.08295008701915,-93.72946838848291,0,Ground,Exterior
1185551_f,https://v2-immersionviewer.s3.amazonaws.com/uploads/panoramas/image/ee1ebd8b-dbf9-4cf1-b57f-0c373c799440/tiles/f/mobile.jpg,panorama,1185551,34989,2024-10-30 17:58:19 UTC,45.08263327880941,-93.72905532829463,2,Level 1,Interiors
1185551_b,https://v2-immersionviewer.s3.amazonaws.com/uploads/panoramas/image/ee1ebd8b-dbf9-4cf1-b57f-0c373c799440/tiles/b/mobile.jpg,panorama,1185551,34989,2024-10-30 17:58:19 UTC,45.08263327880941,-93.72905532829463,2,Level 1,Interiors
1185551_l,https://v2-immersionviewer.s3.amazonaws.com/uploads/panoramas/image/ee1ebd8b-dbf9-4cf1-b57f-0c373c799440/tiles/l/mobile.jpg,panorama,1185551,34989,2024-10-30 17:58:19 UTC,45.08263327880941,-93.72905532829463,2,Level 1,Interiors
1185551_r,https://v2-immersionviewer.s3.amazonaws.com/uploads/panoramas/image/ee1ebd8b-dbf9-4cf1-b57f-0c373c799440/tiles/r/mobile.jpg,panorama,1185551,34989,2024-10-30 17:58:19 UTC,45.08263327880941,-93.72905532829463,2,Level 1,Interiors
1185552_f,https://v2-immersionviewer.s3.amazonaws.com/uploads/panoramas/image/8a939b2c-73be-41b6-b0a5-e32da9136bde/tiles/f/mobile.jpg,panorama,1185552,34989,2024-10-30 17:58:21 UTC,45.08249390157933,-93.72904669493435,0,Ground,Exterior
1185552_b,https://v2-immersionviewer.s3.amazonaws.com/uploads/panoramas/image/8a939b2c-73be-41b6-b0a5-e32da9136bde/tiles/b/mobile.jpg,panorama,1185552,34989,2024-10-30 17:58:21 UTC,45.08249390157933,-93.72904669493435,0,Ground,Exterior
1185552_l,https://v2-immersionviewer.s3.amazonaws.com/uploads/panoramas/image/8a939b2c-73be-41b6-b0a5-e32da9136bde/tiles/l/mobile.jpg,panorama,1185552,34989,2024-10-30 17:58:21 UTC,45.08249390157933,-93.72904669493435,0,Ground,Exterior
1185552_r,https://v2-immersionviewer.s3.amazonaws.com/uploads/panoramas/image/8a939b2c-73be-41b6-b0a5-e32da9136bde/tiles/r/mobile.jpg,panorama,1185552,34989,2024-10-30 17:58:21 UTC,45.08249390157933,-93.72904669493435,0,Ground,Exterior
1185553_f,https://v2-immersionviewer.s3.amazonaws.com/uploads/panoramas/image/597290d8-a2f9-4939-be69-5e60cf4dd7a3/tiles/f/mobile.jpg,panorama,1185553,34989,2024-10-30 17:58:24 UTC,45.08236186279423,-93.72905591502789,0,Ground,Exterior
1185553_b,https://v2-immersionviewer.s3.amazonaws.com/uploads/panoramas/image/597290d8-a2f9-4939-be69-5e60cf4dd7a3/tiles/b/mobile.jpg,panorama,1185553,34989,2024-10-30 17:58:24 UTC,45.08236186279423,-93.72905591502789,0,Ground,Exterior
1185553_l,https://v2-immersionviewer.s3.amazonaws.com/uploads/panoramas/image/597290d8-a2f9-4939-be69-5e60cf4dd7a3/tiles/l/mobile.jpg,panorama,1185553,34989,2024-10-30 17:58:24 UTC,45.08236186279423,-93.72905591502789,0,Ground,Exterior
1185553_r,https://v2-immersionviewer.s3.amazonaws.com/uploads/panoramas/image/597290d8-a2f9-4939-be69-5e60cf4dd7a3/tiles/r/mobile.jpg,panorama,1185553,34989,2024-10-30 17:58:24 UTC,45.08236186279423,-93.72905591502789,0,Ground,Exterior
1185554_f,https://v2-immersionviewer.s3.amazonaws.com/uploads/panoramas/image/727f05fd-4d73-4347-ba13-1ca6da31a2c4/tiles/f/mobile.jpg,panorama,1185554,34989,2024-10-30 17:58:27 UTC,45.08243418528625,-93.72892012819648,0,Ground,Exterior
1185554_b,https://v2-immersionviewer.s3.amazonaws.com/uploads/panoramas/image/727f05fd-4d73-4347-ba13-1ca6da31a2c4/tiles/b/mobile.jpg,panorama,1185554,34989,2024-10-30 17:58:27 UTC,45.08243418528625,-93.72892012819648,0,Ground,Exterior
1185554_l,https://v2-immersionviewer.s3.amazonaws.com/uploads/panoramas/image/727f05fd-4d73-4347-ba13-1ca6da31a2c4/tiles/l/mobile.jpg,panorama,1185554,34989,2024-10-30 17:58:27 UTC,45.08243418528625,-93.72892012819648,0,Ground,Exterior
1185554_r,https://v2-immersionviewer.s3.amazonaws.com/uploads/panoramas/image/727f05fd-4d73-4347-ba13-1ca6da31a2c4/tiles/r/mobile.jpg,panorama,1185554,34989,2024-10-30 17:58:27 UTC,45.08243418528625,-93.72892012819648,0,Ground,Exterior
1185561_f,https://v2-immersionviewer.s3.amazonaws.com/uploads/panoramas/image/58e42ae7-6bb6-4c19-a75e-f29363203a6c/tiles/f/mobile.jpg,panorama,1185561,34989,2024-10-30 17:58:49 UTC,45.08262599924275,-93.72884628362957,8,Ground,Exterior
1185561_b,https://v2-immersionviewer.s3.amazonaws.com/uploads/panoramas/image/58e42ae7-6bb6-4c19-a75e-f29363203a6c/tiles/b/mobile.jpg,panorama,1185561,34989,2024-10-30 17:58:49 UTC,45.08262599924275,-93.72884628362957,8,Ground,Exterior
1185561_l,https://v2-immersionviewer.s3.amazonaws.com/uploads/panoramas/image/58e42ae7-6bb6-4c19-a75e-f29363203a6c/tiles/l/mobile.jpg,panorama,1185561,34989,2024-10-30 17:58:49 UTC,45.08262599924275,-93.72884628362957,8,Ground,Exterior
1185561_r,https://v2-immersionviewer.s3.amazonaws.com/uploads/panoramas/image/58e42ae7-6bb6-4c19-a75e-f29363203a6c/tiles/r/mobile.jpg,panorama,1185561,34989,2024-10-30 17:58:49 UTC,45.08262599924275,-93.72884628362957,8,Ground,Exterior
1185562_f,https://v2-immersionviewer.s3.amazonaws.com/uploads/panoramas/image/954d7e23-0d53-4fb0-b8bf-d23a3475ad09/tiles/f/mobile.jpg,panorama,1185562,34989,2024-10-30 17:58:52 UTC,45.08267991536079,-93.728905627504,358,Ground,Exterior
1185562_b,https://v2-immersionviewer.s3.amazonaws.com/uploads/panoramas/image/954d7e23-0d53-4fb0-b8bf-d23a3475ad09/tiles/b/mobile.jpg,panorama,1185562,34989,2024-10-30 17:58:52 UTC,45.08267991536079,-93.728905627504,358,Ground,Exterior
1185562_l,https://v2-immersionviewer.s3.amazonaws.com/uploads/panoramas/image/954d7e23-0d53-4fb0-b8bf-d23a3475ad09/tiles/l/mobile.jpg,panorama,1185562,34989,2024-10-30 17:58:52 UTC,45.08267991536079,-93.728905627504,358,Ground,Exterior
1185562_r,https://v2-immersionviewer.s3.amazonaws.com/uploads/panoramas/image/954d7e23-0d53-4fb0-b8bf-d23a3475ad09/tiles/r/mobile.jpg,panorama,1185562,34989,2024-10-30 17:58:52 UTC,45.08267991536079,-93.728905627504,358,Ground,Exterior
1185571_f,https://v2-immersionviewer.s3.amazonaws.com/uploads/panoramas/image/e84dbc39-7212-4cce-b172-db3abe49702b/tiles/f/mobile.jpg,panorama,1185571,34989,2024-10-30 17:59:20 UTC,45.08288605082923,-93.72941055335104,0,Ground,Exterior
1185571_b,https://v2-immersionviewer.s3.amazonaws.com/uploads/panoramas/image/e84dbc39-7212-4cce-b172-db3abe49702b/tiles/b/mobile.jpg,panorama,1185571,34989,2024-10-30 17:59:20 UTC,45.08288605082923,-93.72941055335104,0,Ground,Exterior
1185571_l,https://v2-immersionviewer.s3.amazonaws.com/uploads/panoramas/image/e84dbc39-7212-4cce-b172-db3abe49702b/tiles/l/mobile.jpg,panorama,1185571,34989,2024-10-30 17:59:20 UTC,45.08288605082923,-93.72941055335104,0,Ground,Exterior
1185571_r,https://v2-immersionviewer.s3.amazonaws.com/uploads/panoramas/image/e84dbc39-7212-4cce-b172-db3abe49702b/tiles/r/mobile.jpg,panorama,1185571,34989,2024-10-30 17:59:20 UTC,45.08288605082923,-93.72941055335104,0,Ground,Exterior
1185579_f,https://v2-immersionviewer.s3.amazonaws.com/uploads/panoramas/image/e31a7c2a-8735-44f7-9161-46ac4e287bfa/tiles/f/mobile.jpg,panorama,1185579,34989,2024-10-30 18:16:54 UTC,45.08260102381191,-93.72893856838348,1,Level 1,Interiors
1185579_b,https://v2-immersionviewer.s3.amazonaws.com/uploads/panoramas/image/e31a7c2a-8735-44f7-9161-46ac4e287bfa/tiles/b/mobile.jpg,panorama,1185579,34989,2024-10-30 18:16:54 UTC,45.08260102381191,-93.72893856838348,1,Level 1,Interiors
1185579_l,https://v2-immersionviewer.s3.amazonaws.com/uploads/panoramas/image/e31a7c2a-8735-44f7-9161-46ac4e287bfa/tiles/l/mobile.jpg,panorama,1185579,34989,2024-10-30 18:16:54 UTC,45.08260102381191,-93.72893856838348,1,Level 1,Interiors
1185579_r,https://v2-immersionviewer.s3.amazonaws.com/uploads/panoramas/image/e31a7c2a-8735-44f7-9161-46ac4e287bfa/tiles/r/mobile.jpg,panorama,1185579,34989,2024-10-30 18:16:54 UTC,45.08260102381191,-93.72893856838348,1,Level 1,Interiors
1185555_f,https://v2-immersionviewer.s3.amazonaws.com/uploads/panoramas/image/db6eb9a7-0429-4939-a4a7-8734647af7e6/tiles/f/mobile.jpg,panorama,1185555,34989,2024-10-30 17:58:29 UTC,45.08231824435665,-93.72897846624257,1,Ground,Exterior
1185555_b,https://v2-immersionviewer.s3.amazonaws.com/uploads/panoramas/image/db6eb9a7-0429-4939-a4a7-8734647af7e6/tiles/b/mobile.jpg,panorama,1185555,34989,2024-10-30 17:58:29 UTC,45.08231824435665,-93.72897846624257,1,Ground,Exterior
1185555_l,https://v2-immersionviewer.s3.amazonaws.com/uploads/panoramas/image/db6eb9a7-0429-4939-a4a7-8734647af7e6/tiles/l/mobile.jpg,panorama,1185555,34989,2024-10-30 17:58:29 UTC,45.08231824435665,-93.72897846624257,1,Ground,Exterior
1185555_r,https://v2-immersionviewer.s3.amazonaws.com/uploads/panoramas/image/db6eb9a7-0429-4939-a4a7-8734647af7e6/tiles/r/mobile.jpg,panorama,1185555,34989,2024-10-30 17:58:29 UTC,45.08231824435665,-93.72897846624257,1,Ground,Exterior
1185559_f,https://v2-immersionviewer.s3.amazonaws.com/uploads/panoramas/image/01b9a112-0f7a-4558-a8f8-652d715411bb/tiles/f/mobile.jpg,panorama,1185559,34989,2024-10-30 17:58:44 UTC,45.08248455056829,-93.72861561365428,3,Ground,Exterior
1185559_b,https://v2-immersionviewer.s3.amazonaws.com/uploads/panoramas/image/01b9a112-0f7a-4558-a8f8-652d715411bb/tiles/b/mobile.jpg,panorama,1185559,34989,2024-10-30 17:58:44 UTC,45.08248455056829,-93.72861561365428,3,Ground,Exterior
1185559_l,https://v2-immersionviewer.s3.amazonaws.com/uploads/panoramas/image/01b9a112-0f7a-4558-a8f8-652d715411bb/tiles/l/mobile.jpg,panorama,1185559,34989,2024-10-30 17:58:44 UTC,45.08248455056829,-93.72861561365428,3,Ground,Exterior
1185559_r,https://v2-immersionviewer.s3.amazonaws.com/uploads/panoramas/image/01b9a112-0f7a-4558-a8f8-652d715411bb/tiles/r/mobile.jpg,panorama,1185559,34989,2024-10-30 17:58:44 UTC,45.08248455056829,-93.72861561365428,3,Ground,Exterior
1185560_f,https://v2-immersionviewer.s3.amazonaws.com/uploads/panoramas/image/1a42544f-830c-474b-b361-3299a2de3c69/tiles/f/mobile.jpg,panorama,1185560,34989,2024-10-30 17:58:47 UTC,45.08255379536065,-93.72875483706596,7,Ground,Exterior
1185560_b,https://v2-immersionviewer.s3.amazonaws.com/uploads/panoramas/image/1a42544f-830c-474b-b361-3299a2de3c69/tiles/b/mobile.jpg,panorama,1185560,34989,2024-10-30 17:58:47 UTC,45.08255379536065,-93.72875483706596,7,Ground,Exterior
1185560_l,https://v2-immersionviewer.s3.amazonaws.com/uploads/panoramas/image/1a42544f-830c-474b-b361-3299a2de3c69/tiles/l/mobile.jpg,panorama,1185560,34989,2024-10-30 17:58:47 UTC,45.08255379536065,-93.72875483706596,7,Ground,Exterior
1185560_r,https://v2-immersionviewer.s3.amazonaws.com/uploads/panoramas/image/1a42544f-830c-474b-b361-3299a2de3c69/tiles/r/mobile.jpg,panorama,1185560,34989,2024-10-30 17:58:47 UTC,45.08255379536065,-93.72875483706596,7,Ground,Exterior
1185563_f,https://v2-immersionviewer.s3.amazonaws.com/uploads/panoramas/image/c0714afa-523d-4941-ac21-6a52aa084110/tiles/f/mobile.jpg,panorama,1185563,34989,2024-10-30 17:58:56 UTC,45.08272631514065,-93.72895549982788,3,Ground,Exterior
1185563_b,https://v2-immersionviewer.s3.amazonaws.com/uploads/panoramas/image/c0714afa-523d-4941-ac21-6a52aa084110/tiles/b/mobile.jpg,panorama,1185563,34989,2024-10-30 17:58:56 UTC,45.08272631514065,-93.72895549982788,3,Ground,Exterior
1185563_l,https://v2-immersionviewer.s3.amazonaws.com/uploads/panoramas/image/c0714afa-523d-4941-ac21-6a52aa084110/tiles/l/mobile.jpg,panorama,1185563,34989,2024-10-30 17:58:56 UTC,45.08272631514065,-93.72895549982788,3,Ground,Exterior
1185563_r,https://v2-immersionviewer.s3.amazonaws.com/uploads/panoramas/image/c0714afa-523d-4941-ac21-6a52aa084110/tiles/r/mobile.jpg,panorama,1185563,34989,2024-10-30 17:58:56 UTC,45.08272631514065,-93.72895549982788,3,Ground,Exterior
1185565_f,https://v2-immersionviewer.s3.amazonaws.com/uploads/panoramas/image/b731df90-03e7-4dd2-bb8e-46aa0e982556/tiles/f/mobile.jpg,panorama,1185565,34989,2024-10-30 17:59:02 UTC,45.08281899622071,-93.72906320728364,0,Ground,Exterior
1185565_b,https://v2-immersionviewer.s3.amazonaws.com/uploads/panoramas/image/b731df90-03e7-4dd2-bb8e-46aa0e982556/tiles/b/mobile.jpg,panorama,1185565,34989,2024-10-30 17:59:02 UTC,45.08281899622071,-93.72906320728364,0,Ground,Exterior
1185565_l,https://v2-immersionviewer.s3.amazonaws.com/uploads/panoramas/image/b731df90-03e7-4dd2-bb8e-46aa0e982556/tiles/l/mobile.jpg,panorama,1185565,34989,2024-10-30 17:59:02 UTC,45.08281899622071,-93.72906320728364,0,Ground,Exterior
1185565_r,https://v2-immersionviewer.s3.amazonaws.com/uploads/panoramas/image/b731df90-03e7-4dd2-bb8e-46aa0e982556/tiles/r/mobile.jpg,panorama,1185565,34989,2024-10-30 17:59:02 UTC,45.08281899622071,-93.72906320728364,0,Ground,Exterior
1185566_f,https://v2-immersionviewer.s3.amazonaws.com/uploads/panoramas/image/290a39fb-b945-40c9-9731-1c71ebf821d5/tiles/f/mobile.jpg,panorama,1185566,34989,2024-10-30 17:59:05 UTC,45.08288249983693,-93.72913219034672,7,Level 1,Exterior
1185566_b,https://v2-immersionviewer.s3.amazonaws.com/uploads/panoramas/image/290a39fb-b945-40c9-9731-1c71ebf821d5/tiles/b/mobile.jpg,panorama,1185566,34989,2024-10-30 17:59:05 UTC,45.08288249983693,-93.72913219034672,7,Level 1,Exterior
1185566_l,https://v2-immersionviewer.s3.amazonaws.com/uploads/panoramas/image/290a39fb-b945-40c9-9731-1c71ebf821d5/tiles/l/mobile.jpg,panorama,1185566,34989,2024-10-30 17:59:05 UTC,45.08288249983693,-93.72913219034672,7,Level 1,Exterior
1185566_r,https://v2-immersionviewer.s3.amazonaws.com/uploads/panoramas/image/290a39fb-b945-40c9-9731-1c71ebf821d5/tiles/r/mobile.jpg,panorama,1185566,34989,2024-10-30 17:59:05 UTC,45.08288249983693,-93.72913219034672,7,Level 1,Exterior
1185573_f,https://v2-immersionviewer.s3.amazonaws.com/uploads/panoramas/image/a381af0d-befb-45c2-8d63-f1ffc1b727ee/tiles/f/mobile.jpg,panorama,1185573,34989,2024-10-30 17:59:26 UTC,45.08286598771983,-93.7292656302452,0,Ground,Exterior
1185573_b,https://v2-immersionviewer.s3.amazonaws.com/uploads/panoramas/image/a381af0d-befb-45c2-8d63-f1ffc1b727ee/tiles/b/mobile.jpg,panorama,1185573,34989,2024-10-30 17:59:26 UTC,45.08286598771983,-93.7292656302452,0,Ground,Exterior
1185573_l,https://v2-immersionviewer.s3.amazonaws.com/uploads/panoramas/image/a381af0d-befb-45c2-8d63-f1ffc1b727ee/tiles/l/mobile.jpg,panorama,1185573,34989,2024-10-30 17:59:26 UTC,45.08286598771983,-93.7292656302452,0,Ground,Exterior
1185573_r,https://v2-immersionviewer.s3.amazonaws.com/uploads/panoramas/image/a381af0d-befb-45c2-8d63-f1ffc1b727ee/tiles/r/mobile.jpg,panorama,1185573,34989,2024-10-30 17:59:26 UTC,45.08286598771983,-93.7292656302452,0,Ground,Exterior
1185574_f,https://v2-immersionviewer.s3.amazonaws.com/uploads/panoramas/image/903b6ed8-80e4-4068-acb1-ecf44d044755/tiles/f/mobile.jpg,panorama,1185574,34989,2024-10-30 17:59:28 UTC,45.08266494195443,-93.72906044125556,358,Level 1,Interiors
1185574_b,https://v2-immersionviewer.s3.amazonaws.com/uploads/panoramas/image/903b6ed8-80e4-4068-acb1-ecf44d044755/tiles/b/mobile.jpg,panorama,1185574,34989,2024-10-30 17:59:28 UTC,45.08266494195443,-93.72906044125556,358,Level 1,Interiors
1185574_l,https://v2-immersionviewer.s3.amazonaws.com/uploads/panoramas/image/903b6ed8-80e4-4068-acb1-ecf44d044755/tiles/l/mobile.jpg,panorama,1185574,34989,2024-10-30 17:59:28 UTC,45.08266494195443,-93.72906044125556,358,Level 1,Interiors
1185574_r,https://v2-immersionviewer.s3.amazonaws.com/uploads/panoramas/image/903b6ed8-80e4-4068-acb1-ecf44d044755/tiles/r/mobile.jpg,panorama,1185574,34989,2024-10-30 17:59:28 UTC,45.08266494195443,-93.72906044125556,358,Level 1,Interiors
1185575_f,https://v2-immersionviewer.s3.amazonaws.com/uploads/panoramas/image/583ff2e2-10e4-4347-971e-90a2a81fe934/tiles/f/mobile.jpg,panorama,1185575,34989,2024-10-30 18:16:43 UTC,45.08256823614435,-93.72884368523955,0,Level 1,Interiors
1185575_b,https://v2-immersionviewer.s3.amazonaws.com/uploads/panoramas/image/583ff2e2-10e4-4347-971e-90a2a81fe934/tiles/b/mobile.jpg,panorama,1185575,34989,2024-10-30 18:16:43 UTC,45.08256823614435,-93.72884368523955,0,Level 1,Interiors
1185575_l,https://v2-immersionviewer.s3.amazonaws.com/uploads/panoramas/image/583ff2e2-10e4-4347-971e-90a2a81fe934/tiles/l/mobile.jpg,panorama,1185575,34989,2024-10-30 18:16:43 UTC,45.08256823614435,-93.72884368523955,0,Level 1,Interiors
1185575_r,https://v2-immersionviewer.s3.amazonaws.com/uploads/panoramas/image/583ff2e2-10e4-4347-971e-90a2a81fe934/tiles/r/mobile.jpg,panorama,1185575,34989,2024-10-30 18:16:43 UTC,45.08256823614435,-93.72884368523955,0,Level 1,Interiors
1185577_f,https://v2-immersionviewer.s3.amazonaws.com/uploads/panoramas/image/61d8d975-c57d-41a6-8693-f827989cbdca/tiles/f/mobile.jpg,panorama,1185577,34989,2024-10-30 18:16:49 UTC,45.08255273005677,-93.72892532497644,0,Level 1,Interiors
1185577_b,https://v2-immersionviewer.s3.amazonaws.com/uploads/panoramas/image/61d8d975-c57d-41a6-8693-f827989cbdca/tiles/b/mobile.jpg,panorama,1185577,34989,2024-10-30 18:16:49 UTC,45.08255273005677,-93.72892532497644,0,Level 1,Interiors
1185577_l,https://v2-immersionviewer.s3.amazonaws.com/uploads/panoramas/image/61d8d975-c57d-41a6-8693-f827989cbdca/tiles/l/mobile.jpg,panorama,1185577,34989,2024-10-30 18:16:49 UTC,45.08255273005677,-93.72892532497644,0,Level 1,Interiors
1185577_r,https://v2-immersionviewer.s3.amazonaws.com/uploads/panoramas/image/61d8d975-c57d-41a6-8693-f827989cbdca/tiles/r/mobile.jpg,panorama,1185577,34989,2024-10-30 18:16:49 UTC,45.08255273005677,-93.72892532497644,0,Level 1,Interiors
1185584_f,https://v2-immersionviewer.s3.amazonaws.com/uploads/panoramas/image/18cc2f4b-d8d9-41ee-8943-6caa417a3d26/tiles/f/mobile.jpg,panorama,1185584,34989,2024-10-30 20:52:17 UTC,45.08249526280233,-93.72889749705791,0,Roof,Exterior
1185584_b,https://v2-immersionviewer.s3.amazonaws.com/uploads/panoramas/image/18cc2f4b-d8d9-41ee-8943-6caa417a3d26/tiles/b/mobile.jpg,panorama,1185584,34989,2024-10-30 20:52:17 UTC,45.08249526280233,-93.72889749705791,0,Roof,Exterior
1185584_l,https://v2-immersionviewer.s3.amazonaws.com/uploads/panoramas/image/18cc2f4b-d8d9-41ee-8943-6caa417a3d26/tiles/l/mobile.jpg,panorama,1185584,34989,2024-10-30 20:52:17 UTC,45.08249526280233,-93.72889749705791,0,Roof,Exterior
1185584_r,https://v2-immersionviewer.s3.amazonaws.com/uploads/panoramas/image/18cc2f4b-d8d9-41ee-8943-6caa417a3d26/tiles/r/mobile.jpg,panorama,1185584,34989,2024-10-30 20:52:17 UTC,45.08249526280233,-93.72889749705791,0,Roof,Exterior
1185585_f,https://v2-immersionviewer.s3.amazonaws.com/uploads/panoramas/image/478d9dd1-078a-4b39-b2eb-719030a02f5b/tiles/f/mobile.jpg,panorama,1185585,34989,2024-10-30 20:53:45 UTC,45.08252349337635,-93.72894762083888,0,Roof,Exterior
1185585_b,https://v2-immersionviewer.s3.amazonaws.com/uploads/panoramas/image/478d9dd1-078a-4b39-b2eb-719030a02f5b/tiles/b/mobile.jpg,panorama,1185585,34989,2024-10-30 20:53:45 UTC,45.08252349337635,-93.72894762083888,0,Roof,Exterior
1185585_l,https://v2-immersionviewer.s3.amazonaws.com/uploads/panoramas/image/478d9dd1-078a-4b39-b2eb-719030a02f5b/tiles/l/mobile.jpg,panorama,1185585,34989,2024-10-30 20:53:45 UTC,45.08252349337635,-93.72894762083888,0,Roof,Exterior
1185585_r,https://v2-immersionviewer.s3.amazonaws.com/uploads/panoramas/image/478d9dd1-078a-4b39-b2eb-719030a02f5b/tiles/r/mobile.jpg,panorama,1185585,34989,2024-10-30 20:53:45 UTC,45.08252349337635,-93.72894762083888,0,Roof,Exterior
1185586_f,https://v2-immersionviewer.s3.amazonaws.com/uploads/panoramas/image/ba3727c6-e804-4fcc-a9d7-c86b6aa79282/tiles/f/mobile.jpg,panorama,1185586,34989,2024-10-30 20:54:17 UTC,45.08256646063835,-93.7289943918586,0,Roof,Exterior
1185586_b,https://v2-immersionviewer.s3.amazonaws.com/uploads/panoramas/image/ba3727c6-e804-4fcc-a9d7-c86b6aa79282/tiles/b/mobile.jpg,panorama,1185586,34989,2024-10-30 20:54:17 UTC,45.08256646063835,-93.7289943918586,0,Roof,Exterior
1185586_l,https://v2-immersionviewer.s3.amazonaws.com/uploads/panoramas/image/ba3727c6-e804-4fcc-a9d7-c86b6aa79282/tiles/l/mobile.jpg,panorama,1185586,34989,2024-10-30 20:54:17 UTC,45.08256646063835,-93.7289943918586,0,Roof,Exterior
1185586_r,https://v2-immersionviewer.s3.amazonaws.com/uploads/panoramas/image/ba3727c6-e804-4fcc-a9d7-c86b6aa79282/tiles/r/mobile.jpg,panorama,1185586,34989,2024-10-30 20:54:17 UTC,45.08256646063835,-93.7289943918586,0,Roof,Exterior
1185588_f,https://v2-immersionviewer.s3.amazonaws.com/uploads/panoramas/image/b702bfcb-c2f1-426a-ab44-e10a60167b39/tiles/f/mobile.jpg,panorama,1185588,34989,2024-10-30 20:54:30 UTC,45.08264032164131,-93.72907184064388,0,Roof,Exterior
1185588_b,https://v2-immersionviewer.s3.amazonaws.com/uploads/panoramas/image/b702bfcb-c2f1-426a-ab44-e10a60167b39/tiles/b/mobile.jpg,panorama,1185588,34989,2024-10-30 20:54:30 UTC,45.08264032164131,-93.72907184064388,0,Roof,Exterior
1185588_l,https://v2-immersionviewer.s3.amazonaws.com/uploads/panoramas/image/b702bfcb-c2f1-426a-ab44-e10a60167b39/tiles/l/mobile.jpg,panorama,1185588,34989,2024-10-30 20:54:30 UTC,45.08264032164131,-93.72907184064388,0,Roof,Exterior
1185588_r,https://v2-immersionviewer.s3.amazonaws.com/uploads/panoramas/image/b702bfcb-c2f1-426a-ab44-e10a60167b39/tiles/r/mobile.jpg,panorama,1185588,34989,2024-10-30 20:54:30 UTC,45.08264032164131,-93.72907184064388,0,Roof,Exterior
1185589_f,https://v2-immersionviewer.s3.amazonaws.com/uploads/panoramas/image/5d4dea5a-fd84-4e51-ace2-96731ac1bd4f/tiles/f/mobile.jpg,panorama,1185589,34989,2024-10-30 20:54:34 UTC,45.08267808067485,-93.72911559417844,0,Roof,Exterior
1185589_b,https://v2-immersionviewer.s3.amazonaws.com/uploads/panoramas/image/5d4dea5a-fd84-4e51-ace2-96731ac1bd4f/tiles/b/mobile.jpg,panorama,1185589,34989,2024-10-30 20:54:34 UTC,45.08267808067485,-93.72911559417844,0,Roof,Exterior
1185589_l,https://v2-immersionviewer.s3.amazonaws.com/uploads/panoramas/image/5d4dea5a-fd84-4e51-ace2-96731ac1bd4f/tiles/l/mobile.jpg,panorama,1185589,34989,2024-10-30 20:54:34 UTC,45.08267808067485,-93.72911559417844,0,Roof,Exterior
1185589_r,https://v2-immersionviewer.s3.amazonaws.com/uploads/panoramas/image/5d4dea5a-fd84-4e51-ace2-96731ac1bd4f/tiles/r/mobile.jpg,panorama,1185589,34989,2024-10-30 20:54:34 UTC,45.08267808067485,-93.72911559417844,0,Roof,Exterior
1185590_f,https://v2-immersionviewer.s3.amazonaws.com/uploads/panoramas/image/73fd66c9-7634-404a-8ed6-19f0732e3193/tiles/f/mobile.jpg,panorama,1185590,34989,2024-10-30 20:54:37 UTC,45.08271690498425,-93.72915415093304,0,Roof,Exterior
1185590_b,https://v2-immersionviewer.s3.amazonaws.com/uploads/panoramas/image/73fd66c9-7634-404a-8ed6-19f0732e3193/tiles/b/mobile.jpg,panorama,1185590,34989,2024-10-30 20:54:37 UTC,45.08271690498425,-93.72915415093304,0,Roof,Exterior
1185590_l,https://v2-immersionviewer.s3.amazonaws.com/uploads/panoramas/image/73fd66c9-7634-404a-8ed6-19f0732e3193/tiles/l/mobile.jpg,panorama,1185590,34989,2024-10-30 20:54:37 UTC,45.08271690498425,-93.72915415093304,0,Roof,Exterior
1185590_r,https://v2-immersionviewer.s3.amazonaws.com/uploads/panoramas/image/73fd66c9-7634-404a-8ed6-19f0732e3193/tiles/r/mobile.jpg,panorama,1185590,34989,2024-10-30 20:54:37 UTC,45.08271690498425,-93.72915415093304,0,Roof,Exterior
1185591_f,https://v2-immersionviewer.s3.amazonaws.com/uploads/panoramas/image/581dfa80-d807-47a8-b754-2c59148b3ea0/tiles/f/mobile.jpg,panorama,1185591,34989,2024-10-30 20:54:41 UTC,45.08275904353411,-93.72919958084825,0,Roof,Exterior
1185591_b,https://v2-immersionviewer.s3.amazonaws.com/uploads/panoramas/image/581dfa80-d807-47a8-b754-2c59148b3ea0/tiles/b/mobile.jpg,panorama,1185591,34989,2024-10-30 20:54:41 UTC,45.08275904353411,-93.72919958084825,0,Roof,Exterior
1185591_l,https://v2-immersionviewer.s3.amazonaws.com/uploads/panoramas/image/581dfa80-d807-47a8-b754-2c59148b3ea0/tiles/l/mobile.jpg,panorama,1185591,34989,2024-10-30 20:54:41 UTC,45.08275904353411,-93.72919958084825,0,Roof,Exterior
1185591_r,https://v2-immersionviewer.s3.amazonaws.com/uploads/panoramas/image/581dfa80-d807-47a8-b754-2c59148b3ea0/tiles/r/mobile.jpg,panorama,1185591,34989,2024-10-30 20:54:41 UTC,45.08275904353411,-93.72919958084825,0,Roof,Exterior
1185592_f,https://v2-immersionviewer.s3.amazonaws.com/uploads/panoramas/image/778bd880-8bd4-4ae6-a40e-e6840b1c1d9e/tiles/f/mobile.jpg,panorama,1185592,34989,2024-10-30 20:54:45 UTC,45.08279757187201,-93.72924090363087,0,Roof,Exterior
1185592_b,https://v2-immersionviewer.s3.amazonaws.com/uploads/panoramas/image/778bd880-8bd4-4ae6-a40e-e6840b1c1d9e/tiles/b/mobile.jpg,panorama,1185592,34989,2024-10-30 20:54:45 UTC,45.08279757187201,-93.72924090363087,0,Roof,Exterior
1185592_l,https://v2-immersionviewer.s3.amazonaws.com/uploads/panoramas/image/778bd880-8bd4-4ae6-a40e-e6840b1c1d9e/tiles/l/mobile.jpg,panorama,1185592,34989,2024-10-30 20:54:45 UTC,45.08279757187201,-93.72924090363087,0,Roof,Exterior
1185592_r,https://v2-immersionviewer.s3.amazonaws.com/uploads/panoramas/image/778bd880-8bd4-4ae6-a40e-e6840b1c1d9e/tiles/r/mobile.jpg,panorama,1185592,34989,2024-10-30 20:54:45 UTC,45.08279757187201,-93.72924090363087,0,Roof,Exterior
1185593_f,https://v2-immersionviewer.s3.amazonaws.com/uploads/panoramas/image/30d125b8-969f-4fef-8726-bd5b9d7dfe7a/tiles/f/mobile.jpg,panorama,1185593,34989,2024-10-30 20:54:50 UTC,45.08282480484065,-93.7291951713978,0,Roof,Exterior
1185593_b,https://v2-immersionviewer.s3.amazonaws.com/uploads/panoramas/image/30d125b8-969f-4fef-8726-bd5b9d7dfe7a/tiles/b/mobile.jpg,panorama,1185593,34989,2024-10-30 20:54:50 UTC,45.08282480484065,-93.7291951713978,0,Roof,Exterior
1185593_l,https://v2-immersionviewer.s3.amazonaws.com/uploads/panoramas/image/30d125b8-969f-4fef-8726-bd5b9d7dfe7a/tiles/l/mobile.jpg,panorama,1185593,34989,2024-10-30 20:54:50 UTC,45.08282480484065,-93.7291951713978,0,Roof,Exterior
1185593_r,https://v2-immersionviewer.s3.amazonaws.com/uploads/panoramas/image/30d125b8-969f-4fef-8726-bd5b9d7dfe7a/tiles/r/mobile.jpg,panorama,1185593,34989,2024-10-30 20:54:50 UTC,45.08282480484065,-93.7291951713978,0,Roof,Exterior
1185595_f,https://v2-immersionviewer.s3.amazonaws.com/uploads/panoramas/image/9291cd54-e6ca-4828-a1a3-e513d1693d25/tiles/f/mobile.jpg,panorama,1185595,34989,2024-10-30 20:55:02 UTC,45.08274253138133,-93.72910142876208,355,Roof,Exterior
1185595_b,https://v2-immersionviewer.s3.amazonaws.com/uploads/panoramas/image/9291cd54-e6ca-4828-a1a3-e513d1693d25/tiles/b/mobile.jpg,panorama,1185595,34989,2024-10-30 20:55:02 UTC,45.08274253138133,-93.72910142876208,355,Roof,Exterior
1185595_l,https://v2-immersionviewer.s3.amazonaws.com/uploads/panoramas/image/9291cd54-e6ca-4828-a1a3-e513d1693d25/tiles/l/mobile.jpg,panorama,1185595,34989,2024-10-30 20:55:02 UTC,45.08274253138133,-93.72910142876208,355,Roof,Exterior
1185595_r,https://v2-immersionviewer.s3.amazonaws.com/uploads/panoramas/image/9291cd54-e6ca-4828-a1a3-e513d1693d25/tiles/r/mobile.jpg,panorama,1185595,34989,2024-10-30 20:55:02 UTC,45.08274253138133,-93.72910142876208,355,Roof,Exterior
1185596_f,https://v2-immersionviewer.s3.amazonaws.com/uploads/panoramas/image/ff813913-b5bb-442a-97fd-1f1262fc7d99/tiles/f/mobile.jpg,panorama,1185596,34989,2024-10-30 20:55:07 UTC,45.08270566014125,-93.72906178236008,355,Roof,Exterior
1185596_b,https://v2-immersionviewer.s3.amazonaws.com/uploads/panoramas/image/ff813913-b5bb-442a-97fd-1f1262fc7d99/tiles/b/mobile.jpg,panorama,1185596,34989,2024-10-30 20:55:07 UTC,45.08270566014125,-93.72906178236008,355,Roof,Exterior
1185596_l,https://v2-immersionviewer.s3.amazonaws.com/uploads/panoramas/image/ff813913-b5bb-442a-97fd-1f1262fc7d99/tiles/l/mobile.jpg,panorama,1185596,34989,2024-10-30 20:55:07 UTC,45.08270566014125,-93.72906178236008,355,Roof,Exterior
1185596_r,https://v2-immersionviewer.s3.amazonaws.com/uploads/panoramas/image/ff813913-b5bb-442a-97fd-1f1262fc7d99/tiles/r/mobile.jpg,panorama,1185596,34989,2024-10-30 20:55:07 UTC,45.08270566014125,-93.72906178236008,355,Roof,Exterior
1185597_f,https://v2-immersionviewer.s3.amazonaws.com/uploads/panoramas/image/2dd29dac-69d9-4983-a0e3-8d016f09e235/tiles/f/mobile.jpg,panorama,1185597,34989,2024-10-30 20:55:10 UTC,45.08267725210699,-93.72902356088164,359,Roof,Exterior
1185597_b,https://v2-immersionviewer.s3.amazonaws.com/uploads/panoramas/image/2dd29dac-69d9-4983-a0e3-8d016f09e235/tiles/b/mobile.jpg,panorama,1185597,34989,2024-10-30 20:55:10 UTC,45.08267725210699,-93.72902356088164,359,Roof,Exterior
1185597_l,https://v2-immersionviewer.s3.amazonaws.com/uploads/panoramas/image/2dd29dac-69d9-4983-a0e3-8d016f09e235/tiles/l/mobile.jpg,panorama,1185597,34989,2024-10-30 20:55:10 UTC,45.08267725210699,-93.72902356088164,359,Roof,Exterior
1185597_r,https://v2-immersionviewer.s3.amazonaws.com/uploads/panoramas/image/2dd29dac-69d9-4983-a0e3-8d016f09e235/tiles/r/mobile.jpg,panorama,1185597,34989,2024-10-30 20:55:10 UTC,45.08267725210699,-93.72902356088164,359,Roof,Exterior
1185598_f,https://v2-immersionviewer.s3.amazonaws.com/uploads/panoramas/image/cfc3451c-99bc-4241-949a-568a3d01f98f/tiles/f/mobile.jpg,panorama,1185598,34989,2024-10-30 20:55:14 UTC,45.08262576955583,-93.72898239223017,0,Roof,Exterior
1185598_b,https://v2-immersionviewer.s3.amazonaws.com/uploads/panoramas/image/cfc3451c-99bc-4241-949a-568a3d01f98f/tiles/b/mobile.jpg,panorama,1185598,34989,2024-10-30 20:55:14 UTC,45.08262576955583,-93.72898239223017,0,Roof,Exterior
1185598_l,https://v2-immersionviewer.s3.amazonaws.com/uploads/panoramas/image/cfc3451c-99bc-4241-949a-568a3d01f98f/tiles/l/mobile.jpg,panorama,1185598,34989,2024-10-30 20:55:14 UTC,45.08262576955583,-93.72898239223017,0,Roof,Exterior
1185598_r,https://v2-immersionviewer.s3.amazonaws.com/uploads/panoramas/image/cfc3451c-99bc-4241-949a-568a3d01f98f/tiles/r/mobile.jpg,panorama,1185598,34989,2024-10-30 20:55:14 UTC,45.08262576955583,-93.72898239223017,0,Roof,Exterior
1185599_f,https://v2-immersionviewer.s3.amazonaws.com/uploads/panoramas/image/fb5b9970-224a-4d59-9612-d22dbf29c166/tiles/f/mobile.jpg,panorama,1185599,34989,2024-10-30 20:55:17 UTC,45.08258172998814,-93.7289288453758,357,Roof,Exterior
1185599_b,https://v2-immersionviewer.s3.amazonaws.com/uploads/panoramas/image/fb5b9970-224a-4d59-9612-d22dbf29c166/tiles/b/mobile.jpg,panorama,1185599,34989,2024-10-30 20:55:17 UTC,45.08258172998814,-93.7289288453758,357,Roof,Exterior
1185599_l,https://v2-immersionviewer.s3.amazonaws.com/uploads/panoramas/image/fb5b9970-224a-4d59-9612-d22dbf29c166/tiles/l/mobile.jpg,panorama,1185599,34989,2024-10-30 20:55:17 UTC,45.08258172998814,-93.7289288453758,357,Roof,Exterior
1185599_r,https://v2-immersionviewer.s3.amazonaws.com/uploads/panoramas/image/fb5b9970-224a-4d59-9612-d22dbf29c166/tiles/r/mobile.jpg,panorama,1185599,34989,2024-10-30 20:55:17 UTC,45.08258172998814,-93.7289288453758,357,Roof,Exterior
1185602_f,https://v2-immersionviewer.s3.amazonaws.com/uploads/panoramas/image/eef04a27-d159-4986-9fd8-d0109df8b992/tiles/f/mobile.jpg,panorama,1185602,34989,2024-10-30 20:55:40 UTC,45.08254053824449,-93.72878635302187,4,Roof,Exterior
1185602_b,https://v2-immersionviewer.s3.amazonaws.com/uploads/panoramas/image/eef04a27-d159-4986-9fd8-d0109df8b992/tiles/b/mobile.jpg,panorama,1185602,34989,2024-10-30 20:55:40 UTC,45.08254053824449,-93.72878635302187,4,Roof,Exterior
1185602_l,https://v2-immersionviewer.s3.amazonaws.com/uploads/panoramas/image/eef04a27-d159-4986-9fd8-d0109df8b992/tiles/l/mobile.jpg,panorama,1185602,34989,2024-10-30 20:55:40 UTC,45.08254053824449,-93.72878635302187,4,Roof,Exterior
1185602_r,https://v2-immersionviewer.s3.amazonaws.com/uploads/panoramas/image/eef04a27-d159-4986-9fd8-d0109df8b992/tiles/r/mobile.jpg,panorama,1185602,34989,2024-10-30 20:55:40 UTC,45.08254053824449,-93.72878635302187,4,Roof,Exterior
1185604_f,https://v2-immersionviewer.s3.amazonaws.com/uploads/panoramas/image/012c4157-74de-4392-8fee-d73c5c2ea884/tiles/f/mobile.jpg,panorama,1185604,34989,2024-10-30 20:55:50 UTC,45.08262304006905,-93.72887427918612,355,Roof,Exterior
1185604_b,https://v2-immersionviewer.s3.amazonaws.com/uploads/panoramas/image/012c4157-74de-4392-8fee-d73c5c2ea884/tiles/b/mobile.jpg,panorama,1185604,34989,2024-10-30 20:55:50 UTC,45.08262304006905,-93.72887427918612,355,Roof,Exterior
1185604_l,https://v2-immersionviewer.s3.amazonaws.com/uploads/panoramas/image/012c4157-74de-4392-8fee-d73c5c2ea884/tiles/l/mobile.jpg,panorama,1185604,34989,2024-10-30 20:55:50 UTC,45.08262304006905,-93.72887427918612,355,Roof,Exterior
1185604_r,https://v2-immersionviewer.s3.amazonaws.com/uploads/panoramas/image/012c4157-74de-4392-8fee-d73c5c2ea884/tiles/r/mobile.jpg,panorama,1185604,34989,2024-10-30 20:55:50 UTC,45.08262304006905,-93.72887427918612,355,Roof,Exterior
1185605_f,https://v2-immersionviewer.s3.amazonaws.com/uploads/panoramas/image/caee5115-ea1e-4729-a950-3f08535e3b24/tiles/f/mobile.jpg,panorama,1185605,34989,2024-10-30 20:55:56 UTC,45.08266156279199,-93.7289165564436,0,Roof,Exterior
1185605_b,https://v2-immersionviewer.s3.amazonaws.com/uploads/panoramas/image/caee5115-ea1e-4729-a950-3f08535e3b24/tiles/b/mobile.jpg,panorama,1185605,34989,2024-10-30 20:55:56 UTC,45.08266156279199,-93.7289165564436,0,Roof,Exterior
1185605_l,https://v2-immersionviewer.s3.amazonaws.com/uploads/panoramas/image/caee5115-ea1e-4729-a950-3f08535e3b24/tiles/l/mobile.jpg,panorama,1185605,34989,2024-10-30 20:55:56 UTC,45.08266156279199,-93.7289165564436,0,Roof,Exterior
1185605_r,https://v2-immersionviewer.s3.amazonaws.com/uploads/panoramas/image/caee5115-ea1e-4729-a950-3f08535e3b24/tiles/r/mobile.jpg,panorama,1185605,34989,2024-10-30 20:55:56 UTC,45.08266156279199,-93.7289165564436,0,Roof,Exterior
1185606_f,https://v2-immersionviewer.s3.amazonaws.com/uploads/panoramas/image/f76e60e3-5817-49bc-a541-c5971ea310ac/tiles/f/mobile.jpg,panorama,1185606,34989,2024-10-30 20:56:02 UTC,45.08270418055648,-93.72896036133172,358,Roof,Exterior
1185606_b,https://v2-immersionviewer.s3.amazonaws.com/uploads/panoramas/image/f76e60e3-5817-49bc-a541-c5971ea310ac/tiles/b/mobile.jpg,panorama,1185606,34989,2024-10-30 20:56:02 UTC,45.08270418055648,-93.72896036133172,358,Roof,Exterior
1185606_l,https://v2-immersionviewer.s3.amazonaws.com/uploads/panoramas/image/f76e60e3-5817-49bc-a541-c5971ea310ac/tiles/l/mobile.jpg,panorama,1185606,34989,2024-10-30 20:56:02 UTC,45.08270418055648,-93.72896036133172,358,Roof,Exterior
1185606_r,https://v2-immersionviewer.s3.amazonaws.com/uploads/panoramas/image/f76e60e3-5817-49bc-a541-c5971ea310ac/tiles/r/mobile.jpg,panorama,1185606,34989,2024-10-30 20:56:02 UTC,45.08270418055648,-93.72896036133172,358,Roof,Exterior
1185610_f,https://v2-immersionviewer.s3.amazonaws.com/uploads/panoramas/image/741aff49-9c19-43c3-91b5-6a9cb61efd6e/tiles/f/mobile.jpg,panorama,1185610,34989,2024-10-30 20:56:19 UTC,45.08285728778527,-93.7291260715574,4,Roof,Exterior
1185610_b,https://v2-immersionviewer.s3.amazonaws.com/uploads/panoramas/image/741aff49-9c19-43c3-91b5-6a9cb61efd6e/tiles/b/mobile.jpg,panorama,1185610,34989,2024-10-30 20:56:19 UTC,45.08285728778527,-93.7291260715574,4,Roof,Exterior
1185610_l,https://v2-immersionviewer.s3.amazonaws.com/uploads/panoramas/image/741aff49-9c19-43c3-91b5-6a9cb61efd6e/tiles/l/mobile.jpg,panorama,1185610,34989,2024-10-30 20:56:19 UTC,45.08285728778527,-93.7291260715574,4,Roof,Exterior
1185610_r,https://v2-immersionviewer.s3.amazonaws.com/uploads/panoramas/image/741aff49-9c19-43c3-91b5-6a9cb61efd6e/tiles/r/mobile.jpg,panorama,1185610,34989,2024-10-30 20:56:19 UTC,45.08285728778527,-93.7291260715574,4,Roof,Exterior

Total panoramas processed: 244
Total locations processed: 1
Total locations with panoramas: 1
